,mae,rmse,mape,r2,poisson_deviance,chi_squared,median_ae,percentile_90_ae,mean_residual,pct_over_predicted,pct_under_predicted
historical_average,14.661648328831799,18.95198115145836,71.7048854803982,0.19056664654138722,9.78340717590852,47802.526434522275,12.288112697800077,29.731589147286822,-0.14990021771099263,56.12033195020747,43.87966804979253
poisson,8.974275511124738,12.321190491819038,31.46109730543843,0.6578809885828458,3.6547206993507824,18035.26057211888,6.727603530625007,19.209629677459677,0.11300105667949922,54.377593360995846,45.62240663900415
ensemble,10.57096012399206,13.864976049923664,47.43281580803252,0.5667783902108796,5.08457127604964,24164.99429624444,8.802524757111263,20.682630319559326,-0.018449580515746872,58.56846473029046,41.43153526970955
