,mae,rmse,mape,r2,poisson_deviance,chi_squared,median_ae,percentile_90_ae,mean_residual,pct_over_predicted,pct_under_predicted
historical_average,14.661648328831799,18.95198115145836,71.7048854803982,0.19056664654138722,9.78340717590852,47802.526434522275,12.288112697800077,29.731589147286822,-0.14990021771099263,56.12033195020747,43.87966804979253
poisson,9.369562019887443,12.735116321900794,34.5147557278706,0.6345081504675645,3.963868249938094,19310.682389554197,7.131867962089402,19.875186094176772,-0.37941019018928634,57.614107883817425,42.385892116182575
position_specific,8.620264038679723,11.78092011793783,30.695303288916698,0.6872262574447455,3.362585456675899,16384.002795176802,6.2991294518576515,18.820274527309248,-0.20862593017106681,55.497925311203325,44.502074688796675
xgboost,7.601499080657959,10.42198700394275,26.85553982532703,0.7552217245101929,2.6542251295009045,12901.551550934855,5.635805130004883,16.737839508056645,0.12278084220727944,53.3195020746888,46.6804979253112
ensemble_stacking,7.587088224484427,10.400213511772161,26.62388526948069,0.7562434048772491,2.646150210835291,12860.787473674007,5.604287851270904,16.80233637752918,0.044261971687402805,52.9253112033195,47.0746887966805
