,mae,rmse,mape,r2,poisson_deviance,chi_squared,median_ae,percentile_90_ae,mean_residual,pct_over_predicted,pct_under_predicted
historical_average,14.661648328831799,18.95198115145836,71.7048854803982,0.19056664654138722,9.78340717590852,47802.526434522275,12.288112697800077,29.731589147286822,-0.14990021771099263,56.12033195020747,43.87966804979253
poisson,7.461560941286266,10.348444434105172,25.685129520410854,0.7586640565681411,2.570768410581253,12573.241266312336,5.58789721364801,16.387663679775887,0.1312596150738715,52.40663900414938,47.59336099585062
position_specific,7.339942341358634,10.204845418833305,25.068575594409957,0.7653153280260041,2.4785375807450434,12088.333601288996,5.358684151503375,16.090780611459014,0.05196164496731668,52.82157676348548,47.17842323651452
xgboost,7.0331220626831055,9.75719088917766,24.297480968613243,0.7854534983634949,2.277061531837066,10983.216493396336,5.106520175933838,15.401405906677255,-0.13422275118808033,53.56846473029046,46.43153526970954
ensemble_weighted,7.17347936118785,9.962377700094082,24.70987699622506,0.7763350818801587,2.3775456277344627,11551.620057365513,5.23064476208752,15.786606333629363,0.013041836574728585,53.07053941908714,46.92946058091286
