,mae,rmse,mape,r2,poisson_deviance,chi_squared,median_ae,percentile_90_ae,mean_residual,pct_over_predicted,pct_under_predicted
poisson_fbref,76410939.63098605,1956683829.1077483,173655677.4118103,-1.5259903582576468e+16,152821980.10831603,10583014425779.805,20.99946765751224,3074.0216810509846,-76410909.31832266,19.183673469387756,80.81632653061224
negbin_fbref,5.743657097198366,7.850880304748024,31.12346361810001,0.7543327919603708,2.2403737146187397,1585.1290509613682,4.2853940241376804,13.289347086460543,0.10276253919945555,53.46938775510204,46.53061224489796
xgboost_fbref,5.498877048492432,7.775479179899512,27.990534428630433,0.759028971195221,2.1694661594208737,1627.1401599866995,3.744253158569336,12.744861221313478,0.9774853174378272,50.06802721088436,49.93197278911565
ensemble_fbref,19.395211052212616,360.3928860213905,60.61370374835321,-516.6818004104804,28.689018523802527,11582.60266693646,4.036119495279344,12.552810589377062,-13.490565838220952,53.197278911564624,46.802721088435376
